run:;0;inertia:;0,400000;phi_1:;1,000000;phi_2:;1,000000;best;109,631294;average;105,675230
run:;0;inertia:;0,400000;phi_1:;1,000000;phi_2:;2,000000;best;98,570508;average;90,107729
run:;0;inertia:;0,400000;phi_1:;2,000000;phi_2:;1,000000;best;109,630188;average;102,721114
run:;0;inertia:;0,400000;phi_1:;2,000000;phi_2:;2,000000;best;98,191650;average;90,368464
run:;0;inertia:;0,800000;phi_1:;1,000000;phi_2:;1,000000;best;121,059871;average;121,059871
run:;0;inertia:;0,800000;phi_1:;1,000000;phi_2:;2,000000;best;98,202718;average;89,039835
run:;0;inertia:;0,800000;phi_1:;2,000000;phi_2:;1,000000;best;98,202718;average;95,628041
run:;0;inertia:;0,800000;phi_1:;2,000000;phi_2:;2,000000;best;97,399306;average;86,099407
run:;0;inertia:;1,000000;phi_1:;1,000000;phi_2:;1,000000;best;109,889767;average;105,670394
run:;0;inertia:;1,000000;phi_1:;1,000000;phi_2:;2,000000;best;97,947646;average;88,367812
run:;0;inertia:;1,000000;phi_1:;2,000000;phi_2:;1,000000;best;105,625992;average;97,498968
run:;0;inertia:;1,000000;phi_1:;2,000000;phi_2:;2,000000;best;93,969716;average;87,388736
run:;1;inertia:;0,400000;phi_1:;1,000000;phi_2:;1,000000;best;109,631294;average;107,379219
run:;1;inertia:;0,400000;phi_1:;1,000000;phi_2:;2,000000;best;86,774141;average;86,774141
run:;1;inertia:;0,400000;phi_1:;2,000000;phi_2:;1,000000;best;106,266783;average;98,787221
run:;1;inertia:;0,400000;phi_1:;2,000000;phi_2:;2,000000;best;86,774141;average;86,774141
run:;1;inertia:;0,800000;phi_1:;1,000000;phi_2:;1,000000;best;109,631294;average;108,810570
run:;1;inertia:;0,800000;phi_1:;1,000000;phi_2:;2,000000;best;86,774141;average;86,774141
run:;1;inertia:;0,800000;phi_1:;2,000000;phi_2:;1,000000;best;109,631294;average;103,231776
run:;1;inertia:;0,800000;phi_1:;2,000000;phi_2:;2,000000;best;86,774141;average;86,774141
run:;1;inertia:;1,000000;phi_1:;1,000000;phi_2:;1,000000;best;108,233008;average;103,839811
run:;1;inertia:;1,000000;phi_1:;1,000000;phi_2:;2,000000;best;97,734698;average;88,234360
run:;1;inertia:;1,000000;phi_1:;2,000000;phi_2:;1,000000;best;107,748131;average;95,571644
run:;1;inertia:;1,000000;phi_1:;2,000000;phi_2:;2,000000;best;97,851210;average;88,477275
run:;2;inertia:;0,400000;phi_1:;1,000000;phi_2:;1,000000;best;113,019021;average;111,773782
run:;2;inertia:;0,400000;phi_1:;1,000000;phi_2:;2,000000;best;98,201410;average;88,720703
run:;2;inertia:;0,400000;phi_1:;2,000000;phi_2:;1,000000;best;112,814606;average;99,740322
run:;2;inertia:;0,400000;phi_1:;2,000000;phi_2:;2,000000;best;97,899607;average;87,921926
run:;2;inertia:;0,800000;phi_1:;1,000000;phi_2:;1,000000;best;121,059871;average;121,059871
run:;2;inertia:;0,800000;phi_1:;1,000000;phi_2:;2,000000;best;98,202718;average;89,004741
run:;2;inertia:;0,800000;phi_1:;2,000000;phi_2:;1,000000;best;109,631294;average;105,426046
run:;2;inertia:;0,800000;phi_1:;2,000000;phi_2:;2,000000;best;98,004673;average;88,029078
run:;2;inertia:;1,000000;phi_1:;1,000000;phi_2:;1,000000;best;103,695829;average;101,764594
run:;2;inertia:;1,000000;phi_1:;1,000000;phi_2:;2,000000;best;98,201410;average;88,412188
run:;2;inertia:;1,000000;phi_1:;2,000000;phi_2:;1,000000;best;103,695829;average;98,827261
run:;2;inertia:;1,000000;phi_1:;2,000000;phi_2:;2,000000;best;97,923436;average;90,007848
run:;3;inertia:;0,400000;phi_1:;1,000000;phi_2:;1,000000;best;113,019021;average;113,019021
run:;3;inertia:;0,400000;phi_1:;1,000000;phi_2:;2,000000;best;106,796955;average;89,866165
run:;3;inertia:;0,400000;phi_1:;2,000000;phi_2:;1,000000;best;120,404045;average;104,870705
run:;3;inertia:;0,400000;phi_1:;2,000000;phi_2:;2,000000;best;106,796955;average;89,327853
run:;3;inertia:;0,800000;phi_1:;1,000000;phi_2:;1,000000;best;121,059871;average;119,051579
run:;3;inertia:;0,800000;phi_1:;1,000000;phi_2:;2,000000;best;102,351117;average;93,319008
run:;3;inertia:;0,800000;phi_1:;2,000000;phi_2:;1,000000;best;121,059871;average;109,125688
run:;3;inertia:;0,800000;phi_1:;2,000000;phi_2:;2,000000;best;100,100520;average;88,764163
run:;3;inertia:;1,000000;phi_1:;1,000000;phi_2:;1,000000;best;110,117794;average;107,675204
run:;3;inertia:;1,000000;phi_1:;1,000000;phi_2:;2,000000;best;100,091944;average;89,116738
run:;3;inertia:;1,000000;phi_1:;2,000000;phi_2:;1,000000;best;110,117794;average;100,660912
run:;3;inertia:;1,000000;phi_1:;2,000000;phi_2:;2,000000;best;100,091944;average;89,337313
run:;4;inertia:;0,400000;phi_1:;1,000000;phi_2:;1,000000;best;113,019021;average;111,676941
run:;4;inertia:;0,400000;phi_1:;1,000000;phi_2:;2,000000;best;86,774141;average;86,774141
run:;4;inertia:;0,400000;phi_1:;2,000000;phi_2:;1,000000;best;113,147399;average;102,691989
run:;4;inertia:;0,400000;phi_1:;2,000000;phi_2:;2,000000;best;86,774141;average;86,774141
run:;4;inertia:;0,800000;phi_1:;1,000000;phi_2:;1,000000;best;121,059871;average;114,695600
run:;4;inertia:;0,800000;phi_1:;1,000000;phi_2:;2,000000;best;86,774141;average;86,774141
run:;4;inertia:;0,800000;phi_1:;2,000000;phi_2:;1,000000;best;109,631294;average;98,833330
run:;4;inertia:;0,800000;phi_1:;2,000000;phi_2:;2,000000;best;86,774141;average;86,774141
run:;4;inertia:;1,000000;phi_1:;1,000000;phi_2:;1,000000;best;104,058963;average;101,289825
run:;4;inertia:;1,000000;phi_1:;1,000000;phi_2:;2,000000;best;86,774141;average;86,774141
run:;4;inertia:;1,000000;phi_1:;2,000000;phi_2:;1,000000;best;104,058963;average;94,767251
run:;4;inertia:;1,000000;phi_1:;2,000000;phi_2:;2,000000;best;86,774141;average;86,774141
run:;5;inertia:;0,400000;phi_1:;1,000000;phi_2:;1,000000;best;109,631294;average;108,843363
run:;5;inertia:;0,400000;phi_1:;1,000000;phi_2:;2,000000;best;98,083336;average;88,243321
run:;5;inertia:;0,400000;phi_1:;2,000000;phi_2:;1,000000;best;97,965577;average;96,985379
run:;5;inertia:;0,400000;phi_1:;2,000000;phi_2:;2,000000;best;96,988687;average;87,968081
run:;5;inertia:;0,800000;phi_1:;1,000000;phi_2:;1,000000;best;121,059871;average;116,936677
run:;5;inertia:;0,800000;phi_1:;1,000000;phi_2:;2,000000;best;98,202718;average;91,851409
run:;5;inertia:;0,800000;phi_1:;2,000000;phi_2:;1,000000;best;121,047413;average;106,510309
run:;5;inertia:;0,800000;phi_1:;2,000000;phi_2:;2,000000;best;96,470516;average;87,689111
run:;5;inertia:;1,000000;phi_1:;1,000000;phi_2:;1,000000;best;94,846006;average;94,846006
run:;5;inertia:;1,000000;phi_1:;1,000000;phi_2:;2,000000;best;95,202274;average;88,039369
run:;5;inertia:;1,000000;phi_1:;2,000000;phi_2:;1,000000;best;94,846006;average;87,913711
run:;5;inertia:;1,000000;phi_1:;2,000000;phi_2:;2,000000;best;95,202274;average;88,039369
run:;6;inertia:;0,400000;phi_1:;1,000000;phi_2:;1,000000;best;98,947572;average;89,429120
run:;6;inertia:;0,400000;phi_1:;1,000000;phi_2:;2,000000;best;98,202620;average;90,645527
run:;6;inertia:;0,400000;phi_1:;2,000000;phi_2:;1,000000;best;107,073035;average;100,965581
run:;6;inertia:;0,400000;phi_1:;2,000000;phi_2:;2,000000;best;98,060684;average;87,346604
run:;6;inertia:;0,800000;phi_1:;1,000000;phi_2:;1,000000;best;109,631294;average;107,390552
run:;6;inertia:;0,800000;phi_1:;1,000000;phi_2:;2,000000;best;104,465127;average;97,350862
run:;6;inertia:;0,800000;phi_1:;2,000000;phi_2:;1,000000;best;121,059871;average;107,894312
run:;6;inertia:;0,800000;phi_1:;2,000000;phi_2:;2,000000;best;97,149962;average;87,946314
run:;6;inertia:;1,000000;phi_1:;1,000000;phi_2:;1,000000;best;104,496379;average;102,905640
run:;6;inertia:;1,000000;phi_1:;1,000000;phi_2:;2,000000;best;93,993759;average;88,269537
run:;6;inertia:;1,000000;phi_1:;2,000000;phi_2:;1,000000;best;103,356853;average;90,077766
run:;6;inertia:;1,000000;phi_1:;2,000000;phi_2:;2,000000;best;86,774141;average;86,774141
run:;7;inertia:;0,400000;phi_1:;1,000000;phi_2:;1,000000;best;113,019021;average;110,827020
run:;7;inertia:;0,400000;phi_1:;1,000000;phi_2:;2,000000;best;98,201591;average;90,825474
run:;7;inertia:;0,400000;phi_1:;2,000000;phi_2:;1,000000;best;119,622118;average;98,480086
run:;7;inertia:;0,400000;phi_1:;2,000000;phi_2:;2,000000;best;98,201591;average;89,194109
run:;7;inertia:;0,800000;phi_1:;1,000000;phi_2:;1,000000;best;121,059871;average;120,395699
run:;7;inertia:;0,800000;phi_1:;1,000000;phi_2:;2,000000;best;98,202718;average;87,916999
run:;7;inertia:;0,800000;phi_1:;2,000000;phi_2:;1,000000;best;121,059871;average;112,661726
run:;7;inertia:;0,800000;phi_1:;2,000000;phi_2:;2,000000;best;97,491492;average;87,339480
run:;7;inertia:;1,000000;phi_1:;1,000000;phi_2:;1,000000;best;118,656054;average;115,338063
run:;7;inertia:;1,000000;phi_1:;1,000000;phi_2:;2,000000;best;98,093401;average;88,139938
run:;7;inertia:;1,000000;phi_1:;2,000000;phi_2:;1,000000;best;118,656054;average;98,183574
run:;7;inertia:;1,000000;phi_1:;2,000000;phi_2:;2,000000;best;97,947673;average;88,444586
run:;8;inertia:;0,400000;phi_1:;1,000000;phi_2:;1,000000;best;113,019021;average;110,192779
run:;8;inertia:;0,400000;phi_1:;1,000000;phi_2:;2,000000;best;106,510915;average;88,859745
run:;8;inertia:;0,400000;phi_1:;2,000000;phi_2:;1,000000;best;109,315835;average;99,076330
run:;8;inertia:;0,400000;phi_1:;2,000000;phi_2:;2,000000;best;95,058792;average;86,938880
run:;8;inertia:;0,800000;phi_1:;1,000000;phi_2:;1,000000;best;121,059871;average;114,359385
run:;8;inertia:;0,800000;phi_1:;1,000000;phi_2:;2,000000;best;109,630669;average;92,752942
run:;8;inertia:;0,800000;phi_1:;2,000000;phi_2:;1,000000;best;121,059871;average;111,574034
run:;8;inertia:;0,800000;phi_1:;2,000000;phi_2:;2,000000;best;98,150560;average;88,907851
run:;8;inertia:;1,000000;phi_1:;1,000000;phi_2:;1,000000;best;107,612807;average;104,978108
run:;8;inertia:;1,000000;phi_1:;1,000000;phi_2:;2,000000;best;100,184261;average;89,861068
run:;8;inertia:;1,000000;phi_1:;2,000000;phi_2:;1,000000;best;100,184261;average;93,144620
run:;8;inertia:;1,000000;phi_1:;2,000000;phi_2:;2,000000;best;100,184261;average;87,920893
run:;9;inertia:;0,400000;phi_1:;1,000000;phi_2:;1,000000;best;104,978172;average;104,610866
run:;9;inertia:;0,400000;phi_1:;1,000000;phi_2:;2,000000;best;107,463082;average;90,932326
run:;9;inertia:;0,400000;phi_1:;2,000000;phi_2:;1,000000;best;117,295235;average;101,040217
run:;9;inertia:;0,400000;phi_1:;2,000000;phi_2:;2,000000;best;107,463082;average;89,982154
run:;9;inertia:;0,800000;phi_1:;1,000000;phi_2:;1,000000;best;109,631294;average;107,520980
run:;9;inertia:;0,800000;phi_1:;1,000000;phi_2:;2,000000;best;108,721822;average;91,268239
run:;9;inertia:;0,800000;phi_1:;2,000000;phi_2:;1,000000;best;109,631294;average;103,986294
run:;9;inertia:;0,800000;phi_1:;2,000000;phi_2:;2,000000;best;101,408004;average;89,708079
run:;9;inertia:;1,000000;phi_1:;1,000000;phi_2:;1,000000;best;120,384426;average;116,068370
run:;9;inertia:;1,000000;phi_1:;1,000000;phi_2:;2,000000;best;101,408004;average;89,011307
run:;9;inertia:;1,000000;phi_1:;2,000000;phi_2:;1,000000;best;120,384426;average;106,028649
run:;9;inertia:;1,000000;phi_1:;2,000000;phi_2:;2,000000;best;101,408004;average;90,099556
run:;10;inertia:;0,400000;phi_1:;1,000000;phi_2:;1,000000;best;104,978172;average;100,747404
run:;10;inertia:;0,400000;phi_1:;1,000000;phi_2:;2,000000;best;98,187040;average;90,007777
run:;10;inertia:;0,400000;phi_1:;2,000000;phi_2:;1,000000;best;120,229291;average;98,336263
run:;10;inertia:;0,400000;phi_1:;2,000000;phi_2:;2,000000;best;98,187040;average;89,234186
run:;10;inertia:;0,800000;phi_1:;1,000000;phi_2:;1,000000;best;121,059871;average;121,059871
run:;10;inertia:;0,800000;phi_1:;1,000000;phi_2:;2,000000;best;98,202718;average;88,424146
run:;10;inertia:;0,800000;phi_1:;2,000000;phi_2:;1,000000;best;121,059871;average;113,555956
run:;10;inertia:;0,800000;phi_1:;2,000000;phi_2:;2,000000;best;98,151704;average;87,850167
run:;10;inertia:;1,000000;phi_1:;1,000000;phi_2:;1,000000;best;110,518636;average;106,158846
run:;10;inertia:;1,000000;phi_1:;1,000000;phi_2:;2,000000;best;98,005858;average;88,268889
run:;10;inertia:;1,000000;phi_1:;2,000000;phi_2:;1,000000;best;111,198738;average;97,229336
run:;10;inertia:;1,000000;phi_1:;2,000000;phi_2:;2,000000;best;98,110094;average;89,269864
run:;11;inertia:;0,400000;phi_1:;1,000000;phi_2:;1,000000;best;113,019021;average;102,297443
run:;11;inertia:;0,400000;phi_1:;1,000000;phi_2:;2,000000;best;99,917923;average;86,938545
run:;11;inertia:;0,400000;phi_1:;2,000000;phi_2:;1,000000;best;120,107362;average;101,318542
run:;11;inertia:;0,400000;phi_1:;2,000000;phi_2:;2,000000;best;98,267875;average;86,281356
run:;11;inertia:;0,800000;phi_1:;1,000000;phi_2:;1,000000;best;113,019021;average;108,862248
run:;11;inertia:;0,800000;phi_1:;1,000000;phi_2:;2,000000;best;98,202718;average;93,125763
run:;11;inertia:;0,800000;phi_1:;2,000000;phi_2:;1,000000;best;121,059871;average;109,364569
run:;11;inertia:;0,800000;phi_1:;2,000000;phi_2:;2,000000;best;97,926399;average;87,969088
run:;11;inertia:;1,000000;phi_1:;1,000000;phi_2:;1,000000;best;97,958985;average;97,800689
run:;11;inertia:;1,000000;phi_1:;1,000000;phi_2:;2,000000;best;99,913133;average;89,075995
run:;11;inertia:;1,000000;phi_1:;2,000000;phi_2:;1,000000;best;97,958985;average;93,542905
run:;11;inertia:;1,000000;phi_1:;2,000000;phi_2:;2,000000;best;99,913133;average;88,609817
run:;12;inertia:;0,400000;phi_1:;1,000000;phi_2:;1,000000;best;86,886404;average;85,226365
run:;12;inertia:;0,400000;phi_1:;1,000000;phi_2:;2,000000;best;86,774141;average;86,774141
run:;12;inertia:;0,400000;phi_1:;2,000000;phi_2:;1,000000;best;116,605847;average;100,329788
run:;12;inertia:;0,400000;phi_1:;2,000000;phi_2:;2,000000;best;86,774141;average;86,774141
run:;12;inertia:;0,800000;phi_1:;1,000000;phi_2:;1,000000;best;121,059871;average;121,059871
run:;12;inertia:;0,800000;phi_1:;1,000000;phi_2:;2,000000;best;86,774141;average;86,774141
run:;12;inertia:;0,800000;phi_1:;2,000000;phi_2:;1,000000;best;109,631294;average;103,351220
run:;12;inertia:;0,800000;phi_1:;2,000000;phi_2:;2,000000;best;86,774141;average;86,774141
run:;12;inertia:;1,000000;phi_1:;1,000000;phi_2:;1,000000;best;105,750235;average;102,952877
run:;12;inertia:;1,000000;phi_1:;1,000000;phi_2:;2,000000;best;98,199878;average;87,536538
run:;12;inertia:;1,000000;phi_1:;2,000000;phi_2:;1,000000;best;105,750235;average;95,642128
run:;12;inertia:;1,000000;phi_1:;2,000000;phi_2:;2,000000;best;98,165342;average;87,534811
run:;13;inertia:;0,400000;phi_1:;1,000000;phi_2:;1,000000;best;100,957853;average;100,957853
run:;13;inertia:;0,400000;phi_1:;1,000000;phi_2:;2,000000;best;108,630771;average;92,341865
run:;13;inertia:;0,400000;phi_1:;2,000000;phi_2:;1,000000;best;116,294446;average;102,353304
run:;13;inertia:;0,400000;phi_1:;2,000000;phi_2:;2,000000;best;107,249805;average;90,900911
run:;13;inertia:;0,800000;phi_1:;1,000000;phi_2:;1,000000;best;121,059871;average;121,059871
run:;13;inertia:;0,800000;phi_1:;1,000000;phi_2:;2,000000;best;121,059871;average;117,990666
run:;13;inertia:;0,800000;phi_1:;2,000000;phi_2:;1,000000;best;121,059871;average;114,967319
run:;13;inertia:;0,800000;phi_1:;2,000000;phi_2:;2,000000;best;97,584457;average;87,620462
run:;13;inertia:;1,000000;phi_1:;1,000000;phi_2:;1,000000;best;104,333079;average;96,703804
run:;13;inertia:;1,000000;phi_1:;1,000000;phi_2:;2,000000;best;97,769587;average;88,428305
run:;13;inertia:;1,000000;phi_1:;2,000000;phi_2:;1,000000;best;95,164765;average;86,333670
run:;13;inertia:;1,000000;phi_1:;2,000000;phi_2:;2,000000;best;97,769587;average;88,039537
run:;14;inertia:;0,400000;phi_1:;1,000000;phi_2:;1,000000;best;121,059871;average;117,596128
run:;14;inertia:;0,400000;phi_1:;1,000000;phi_2:;2,000000;best;98,127209;average;91,395388
run:;14;inertia:;0,400000;phi_1:;2,000000;phi_2:;1,000000;best;109,505924;average;97,910378
run:;14;inertia:;0,400000;phi_1:;2,000000;phi_2:;2,000000;best;98,127209;average;90,663679
run:;14;inertia:;0,800000;phi_1:;1,000000;phi_2:;1,000000;best;121,059871;average;119,240516
run:;14;inertia:;0,800000;phi_1:;1,000000;phi_2:;2,000000;best;98,202718;average;97,687673
run:;14;inertia:;0,800000;phi_1:;2,000000;phi_2:;1,000000;best;121,059871;average;117,528389
run:;14;inertia:;0,800000;phi_1:;2,000000;phi_2:;2,000000;best;106,974009;average;104,811652
run:;14;inertia:;1,000000;phi_1:;1,000000;phi_2:;1,000000;best;105,548128;average;102,562520
run:;14;inertia:;1,000000;phi_1:;1,000000;phi_2:;2,000000;best;98,014407;average;87,683277
run:;14;inertia:;1,000000;phi_1:;2,000000;phi_2:;1,000000;best;107,805472;average;96,153568
run:;14;inertia:;1,000000;phi_1:;2,000000;phi_2:;2,000000;best;100,166339;average;88,296502
run:;15;inertia:;0,400000;phi_1:;1,000000;phi_2:;1,000000;best;100,957853;average;99,351894
run:;15;inertia:;0,400000;phi_1:;1,000000;phi_2:;2,000000;best;98,187052;average;88,624887
run:;15;inertia:;0,400000;phi_1:;2,000000;phi_2:;1,000000;best;109,527682;average;99,119764
run:;15;inertia:;0,400000;phi_1:;2,000000;phi_2:;2,000000;best;98,187052;average;88,624887
run:;15;inertia:;0,800000;phi_1:;1,000000;phi_2:;1,000000;best;109,631294;average;109,035476
run:;15;inertia:;0,800000;phi_1:;1,000000;phi_2:;2,000000;best;86,774141;average;86,774141
run:;15;inertia:;0,800000;phi_1:;2,000000;phi_2:;1,000000;best;109,631294;average;105,497463
run:;15;inertia:;0,800000;phi_1:;2,000000;phi_2:;2,000000;best;86,774141;average;86,774141
run:;15;inertia:;1,000000;phi_1:;1,000000;phi_2:;1,000000;best;112,768268;average;110,500632
run:;15;inertia:;1,000000;phi_1:;1,000000;phi_2:;2,000000;best;88,963865;average;86,883627
run:;15;inertia:;1,000000;phi_1:;2,000000;phi_2:;1,000000;best;108,430213;average;99,847620
run:;15;inertia:;1,000000;phi_1:;2,000000;phi_2:;2,000000;best;86,774141;average;86,774141
run:;16;inertia:;0,400000;phi_1:;1,000000;phi_2:;1,000000;best;121,059871;average;117,313257
run:;16;inertia:;0,400000;phi_1:;1,000000;phi_2:;2,000000;best;98,177061;average;88,182074
run:;16;inertia:;0,400000;phi_1:;2,000000;phi_2:;1,000000;best;115,657343;average;102,802759
run:;16;inertia:;0,400000;phi_1:;2,000000;phi_2:;2,000000;best;102,975340;average;89,012479
run:;16;inertia:;0,800000;phi_1:;1,000000;phi_2:;1,000000;best;121,059871;average;121,059871
run:;16;inertia:;0,800000;phi_1:;1,000000;phi_2:;2,000000;best;98,202718;average;89,273758
run:;16;inertia:;0,800000;phi_1:;2,000000;phi_2:;1,000000;best;109,631294;average;102,204732
run:;16;inertia:;0,800000;phi_1:;2,000000;phi_2:;2,000000;best;103,279015;average;90,627716
run:;16;inertia:;1,000000;phi_1:;1,000000;phi_2:;1,000000;best;99,062834;average;98,376720
run:;16;inertia:;1,000000;phi_1:;1,000000;phi_2:;2,000000;best;97,707451;average;84,491633
run:;16;inertia:;1,000000;phi_1:;2,000000;phi_2:;1,000000;best;115,902371;average;99,294673
run:;16;inertia:;1,000000;phi_1:;2,000000;phi_2:;2,000000;best;97,707451;average;88,114315
run:;17;inertia:;0,400000;phi_1:;1,000000;phi_2:;1,000000;best;109,631294;average;104,491275
run:;17;inertia:;0,400000;phi_1:;1,000000;phi_2:;2,000000;best;98,201946;average;87,697781
run:;17;inertia:;0,400000;phi_1:;2,000000;phi_2:;1,000000;best;109,591733;average;102,582322
run:;17;inertia:;0,400000;phi_1:;2,000000;phi_2:;2,000000;best;98,201946;average;87,697781
run:;17;inertia:;0,800000;phi_1:;1,000000;phi_2:;1,000000;best;121,059871;average;117,413354
run:;17;inertia:;0,800000;phi_1:;1,000000;phi_2:;2,000000;best;86,774141;average;86,774141
run:;17;inertia:;0,800000;phi_1:;2,000000;phi_2:;1,000000;best;98,202718;average;95,268235
run:;17;inertia:;0,800000;phi_1:;2,000000;phi_2:;2,000000;best;86,774141;average;86,774141
run:;17;inertia:;1,000000;phi_1:;1,000000;phi_2:;1,000000;best;107,185349;average;102,375470
run:;17;inertia:;1,000000;phi_1:;1,000000;phi_2:;2,000000;best;86,774141;average;86,774141
run:;17;inertia:;1,000000;phi_1:;2,000000;phi_2:;1,000000;best;109,894509;average;96,459980
run:;17;inertia:;1,000000;phi_1:;2,000000;phi_2:;2,000000;best;86,774141;average;86,774141
run:;18;inertia:;0,400000;phi_1:;1,000000;phi_2:;1,000000;best;121,059871;average;117,888649
run:;18;inertia:;0,400000;phi_1:;1,000000;phi_2:;2,000000;best;104,066870;average;88,731269
run:;18;inertia:;0,400000;phi_1:;2,000000;phi_2:;1,000000;best;108,315354;average;100,991945
run:;18;inertia:;0,400000;phi_1:;2,000000;phi_2:;2,000000;best;104,066870;average;88,221069
run:;18;inertia:;0,800000;phi_1:;1,000000;phi_2:;1,000000;best;121,059871;average;115,076038
run:;18;inertia:;0,800000;phi_1:;1,000000;phi_2:;2,000000;best;104,467670;average;90,697539
run:;18;inertia:;0,800000;phi_1:;2,000000;phi_2:;1,000000;best;121,059871;average;103,821056
run:;18;inertia:;0,800000;phi_1:;2,000000;phi_2:;2,000000;best;104,066870;average;89,942766
run:;18;inertia:;1,000000;phi_1:;1,000000;phi_2:;1,000000;best;110,863055;average;110,024311
run:;18;inertia:;1,000000;phi_1:;1,000000;phi_2:;2,000000;best;104,066870;average;88,128526
run:;18;inertia:;1,000000;phi_1:;2,000000;phi_2:;1,000000;best;106,752089;average;94,830195
run:;18;inertia:;1,000000;phi_1:;2,000000;phi_2:;2,000000;best;104,066870;average;88,818917
run:;19;inertia:;0,400000;phi_1:;1,000000;phi_2:;1,000000;best;92,917004;average;80,786079
run:;19;inertia:;0,400000;phi_1:;1,000000;phi_2:;2,000000;best;86,774141;average;86,774141
run:;19;inertia:;0,400000;phi_1:;2,000000;phi_2:;1,000000;best;120,810138;average;114,604555
run:;19;inertia:;0,400000;phi_1:;2,000000;phi_2:;2,000000;best;86,774141;average;86,774141
run:;19;inertia:;0,800000;phi_1:;1,000000;phi_2:;1,000000;best;121,059871;average;117,247636
run:;19;inertia:;0,800000;phi_1:;1,000000;phi_2:;2,000000;best;108,589701;average;90,308239
run:;19;inertia:;0,800000;phi_1:;2,000000;phi_2:;1,000000;best;98,202718;average;96,140631
run:;19;inertia:;0,800000;phi_1:;2,000000;phi_2:;2,000000;best;103,183958;average;88,612028
run:;19;inertia:;1,000000;phi_1:;1,000000;phi_2:;1,000000;best;105,986449;average;102,253960
run:;19;inertia:;1,000000;phi_1:;1,000000;phi_2:;2,000000;best;107,392420;average;87,917718
run:;19;inertia:;1,000000;phi_1:;2,000000;phi_2:;1,000000;best;105,986449;average;84,537473
run:;19;inertia:;1,000000;phi_1:;2,000000;phi_2:;2,000000;best;107,392420;average;88,087197
run:;20;inertia:;0,400000;phi_1:;1,000000;phi_2:;1,000000;best;102,968039;average;95,898177
run:;20;inertia:;0,400000;phi_1:;1,000000;phi_2:;2,000000;best;97,962963;average;87,437591
run:;20;inertia:;0,400000;phi_1:;2,000000;phi_2:;1,000000;best;109,521889;average;100,695889
run:;20;inertia:;0,400000;phi_1:;2,000000;phi_2:;2,000000;best;97,962963;average;87,314233
run:;20;inertia:;0,800000;phi_1:;1,000000;phi_2:;1,000000;best;121,059871;average;121,059871
run:;20;inertia:;0,800000;phi_1:;1,000000;phi_2:;2,000000;best;98,202718;average;94,985314
run:;20;inertia:;0,800000;phi_1:;2,000000;phi_2:;1,000000;best;121,059871;average;114,383219
run:;20;inertia:;0,800000;phi_1:;2,000000;phi_2:;2,000000;best;95,136956;average;87,556739
run:;20;inertia:;1,000000;phi_1:;1,000000;phi_2:;1,000000;best;103,011998;average;97,199886
run:;20;inertia:;1,000000;phi_1:;1,000000;phi_2:;2,000000;best;86,774141;average;86,774141
run:;20;inertia:;1,000000;phi_1:;2,000000;phi_2:;1,000000;best;108,362279;average;95,235661
run:;20;inertia:;1,000000;phi_1:;2,000000;phi_2:;2,000000;best;86,774141;average;86,774141
run:;21;inertia:;0,400000;phi_1:;1,000000;phi_2:;1,000000;best;113,019021;average;112,564861
run:;21;inertia:;0,400000;phi_1:;1,000000;phi_2:;2,000000;best;98,805411;average;89,859296
run:;21;inertia:;0,400000;phi_1:;2,000000;phi_2:;1,000000;best;111,735596;average;100,635259
run:;21;inertia:;0,400000;phi_1:;2,000000;phi_2:;2,000000;best;100,680376;average;88,207726
run:;21;inertia:;0,800000;phi_1:;1,000000;phi_2:;1,000000;best;121,034785;average;118,408680
run:;21;inertia:;0,800000;phi_1:;1,000000;phi_2:;2,000000;best;101,566513;average;89,888991
run:;21;inertia:;0,800000;phi_1:;2,000000;phi_2:;1,000000;best;121,059871;average;111,411162
run:;21;inertia:;0,800000;phi_1:;2,000000;phi_2:;2,000000;best;94,382041;average;87,677696
run:;21;inertia:;1,000000;phi_1:;1,000000;phi_2:;1,000000;best;119,371338;average;114,286361
run:;21;inertia:;1,000000;phi_1:;1,000000;phi_2:;2,000000;best;96,864976;average;87,725060
run:;21;inertia:;1,000000;phi_1:;2,000000;phi_2:;1,000000;best;105,943676;average;100,240101
run:;21;inertia:;1,000000;phi_1:;2,000000;phi_2:;2,000000;best;96,892218;average;88,254793
run:;22;inertia:;0,400000;phi_1:;1,000000;phi_2:;1,000000;best;121,059871;average;117,163480
run:;22;inertia:;0,400000;phi_1:;1,000000;phi_2:;2,000000;best;86,774141;average;86,774141
run:;22;inertia:;0,400000;phi_1:;2,000000;phi_2:;1,000000;best;109,625921;average;102,808084
run:;22;inertia:;0,400000;phi_1:;2,000000;phi_2:;2,000000;best;86,774141;average;86,774141
run:;22;inertia:;0,800000;phi_1:;1,000000;phi_2:;1,000000;best;121,059871;average;121,059871
run:;22;inertia:;0,800000;phi_1:;1,000000;phi_2:;2,000000;best;86,774141;average;86,774141
run:;22;inertia:;0,800000;phi_1:;2,000000;phi_2:;1,000000;best;98,202718;average;94,954249
run:;22;inertia:;0,800000;phi_1:;2,000000;phi_2:;2,000000;best;86,774141;average;86,774141
run:;22;inertia:;1,000000;phi_1:;1,000000;phi_2:;1,000000;best;103,223560;average;100,762573
run:;22;inertia:;1,000000;phi_1:;1,000000;phi_2:;2,000000;best;86,774141;average;86,774141
run:;22;inertia:;1,000000;phi_1:;2,000000;phi_2:;1,000000;best;103,223560;average;94,058474
run:;22;inertia:;1,000000;phi_1:;2,000000;phi_2:;2,000000;best;86,774141;average;86,774141
run:;23;inertia:;0,400000;phi_1:;1,000000;phi_2:;1,000000;best;121,059871;average;121,059871
run:;23;inertia:;0,400000;phi_1:;1,000000;phi_2:;2,000000;best;117,001710;average;92,196904
run:;23;inertia:;0,400000;phi_1:;2,000000;phi_2:;1,000000;best;116,686576;average;110,231526
run:;23;inertia:;0,400000;phi_1:;2,000000;phi_2:;2,000000;best;117,001710;average;92,196904
run:;23;inertia:;0,800000;phi_1:;1,000000;phi_2:;1,000000;best;121,059871;average;116,670563
run:;23;inertia:;0,800000;phi_1:;1,000000;phi_2:;2,000000;best;115,355784;average;91,444037
run:;23;inertia:;0,800000;phi_1:;2,000000;phi_2:;1,000000;best;120,346359;average;107,442050
run:;23;inertia:;0,800000;phi_1:;2,000000;phi_2:;2,000000;best;114,080496;average;90,165588
run:;23;inertia:;1,000000;phi_1:;1,000000;phi_2:;1,000000;best;118,864402;average;111,115477
run:;23;inertia:;1,000000;phi_1:;1,000000;phi_2:;2,000000;best;114,080496;average;90,632459
run:;23;inertia:;1,000000;phi_1:;2,000000;phi_2:;1,000000;best;118,864402;average;105,100431
run:;23;inertia:;1,000000;phi_1:;2,000000;phi_2:;2,000000;best;114,080496;average;90,270693
run:;24;inertia:;0,400000;phi_1:;1,000000;phi_2:;1,000000;best;113,019021;average;113,019021
run:;24;inertia:;0,400000;phi_1:;1,000000;phi_2:;2,000000;best;110,974634;average;91,105324
run:;24;inertia:;0,400000;phi_1:;2,000000;phi_2:;1,000000;best;109,624101;average;101,631632
run:;24;inertia:;0,400000;phi_1:;2,000000;phi_2:;2,000000;best;110,974634;average;89,885664
run:;24;inertia:;0,800000;phi_1:;1,000000;phi_2:;1,000000;best;113,019021;average;112,704224
run:;24;inertia:;0,800000;phi_1:;1,000000;phi_2:;2,000000;best;98,202718;average;88,888097
run:;24;inertia:;0,800000;phi_1:;2,000000;phi_2:;1,000000;best;121,055712;average;112,596984
run:;24;inertia:;0,800000;phi_1:;2,000000;phi_2:;2,000000;best;98,202696;average;88,949983
run:;24;inertia:;1,000000;phi_1:;1,000000;phi_2:;1,000000;best;114,551494;average;110,612350
run:;24;inertia:;1,000000;phi_1:;1,000000;phi_2:;2,000000;best;97,824671;average;88,347490
run:;24;inertia:;1,000000;phi_1:;2,000000;phi_2:;1,000000;best;114,551494;average;100,292878
run:;24;inertia:;1,000000;phi_1:;2,000000;phi_2:;2,000000;best;97,984049;average;88,518533
run:;25;inertia:;0,400000;phi_1:;1,000000;phi_2:;1,000000;best;121,059871;average;121,059871
run:;25;inertia:;0,400000;phi_1:;1,000000;phi_2:;2,000000;best;98,200367;average;88,625950
run:;25;inertia:;0,400000;phi_1:;2,000000;phi_2:;1,000000;best;116,411283;average;105,779480
run:;25;inertia:;0,400000;phi_1:;2,000000;phi_2:;2,000000;best;98,200367;average;88,741207
run:;25;inertia:;0,800000;phi_1:;1,000000;phi_2:;1,000000;best;121,059871;average;119,254803
run:;25;inertia:;0,800000;phi_1:;1,000000;phi_2:;2,000000;best;105,009294;average;90,276220
run:;25;inertia:;0,800000;phi_1:;2,000000;phi_2:;1,000000;best;121,059871;average;112,664922
run:;25;inertia:;0,800000;phi_1:;2,000000;phi_2:;2,000000;best;104,315140;average;88,686415
run:;25;inertia:;1,000000;phi_1:;1,000000;phi_2:;1,000000;best;120,650980;average;115,419458
run:;25;inertia:;1,000000;phi_1:;1,000000;phi_2:;2,000000;best;108,542075;average;88,625881
run:;25;inertia:;1,000000;phi_1:;2,000000;phi_2:;1,000000;best;108,694511;average;101,525736
run:;25;inertia:;1,000000;phi_1:;2,000000;phi_2:;2,000000;best;108,542075;average;88,244305
run:;26;inertia:;0,400000;phi_1:;1,000000;phi_2:;1,000000;best;109,631294;average;107,708146
run:;26;inertia:;0,400000;phi_1:;1,000000;phi_2:;2,000000;best;86,774141;average;86,774141
run:;26;inertia:;0,400000;phi_1:;2,000000;phi_2:;1,000000;best;104,025304;average;97,240614
run:;26;inertia:;0,400000;phi_1:;2,000000;phi_2:;2,000000;best;86,774141;average;86,774141
run:;26;inertia:;0,800000;phi_1:;1,000000;phi_2:;1,000000;best;121,059871;average;115,393610
run:;26;inertia:;0,800000;phi_1:;1,000000;phi_2:;2,000000;best;86,774141;average;86,774141
run:;26;inertia:;0,800000;phi_1:;2,000000;phi_2:;1,000000;best;109,631294;average;96,786735
run:;26;inertia:;0,800000;phi_1:;2,000000;phi_2:;2,000000;best;86,774141;average;86,774141
run:;26;inertia:;1,000000;phi_1:;1,000000;phi_2:;1,000000;best;103,157647;average;99,931745
run:;26;inertia:;1,000000;phi_1:;1,000000;phi_2:;2,000000;best;86,774141;average;86,774141
run:;26;inertia:;1,000000;phi_1:;2,000000;phi_2:;1,000000;best;95,937510;average;87,599707
run:;26;inertia:;1,000000;phi_1:;2,000000;phi_2:;2,000000;best;86,774141;average;86,774141
run:;27;inertia:;0,400000;phi_1:;1,000000;phi_2:;1,000000;best;113,019021;average;112,268303
run:;27;inertia:;0,400000;phi_1:;1,000000;phi_2:;2,000000;best;86,774141;average;86,774141
run:;27;inertia:;0,400000;phi_1:;2,000000;phi_2:;1,000000;best;110,048628;average;101,911595
run:;27;inertia:;0,400000;phi_1:;2,000000;phi_2:;2,000000;best;86,774141;average;86,774141
run:;27;inertia:;0,800000;phi_1:;1,000000;phi_2:;1,000000;best;121,059871;average;121,059871
run:;27;inertia:;0,800000;phi_1:;1,000000;phi_2:;2,000000;best;86,774141;average;86,774141
run:;27;inertia:;0,800000;phi_1:;2,000000;phi_2:;1,000000;best;109,631294;average;105,705504
run:;27;inertia:;0,800000;phi_1:;2,000000;phi_2:;2,000000;best;86,774141;average;86,774141
run:;27;inertia:;1,000000;phi_1:;1,000000;phi_2:;1,000000;best;109,759922;average;106,385477
run:;27;inertia:;1,000000;phi_1:;1,000000;phi_2:;2,000000;best;94,343991;average;87,152634
run:;27;inertia:;1,000000;phi_1:;2,000000;phi_2:;1,000000;best;102,687977;average;98,077641
run:;27;inertia:;1,000000;phi_1:;2,000000;phi_2:;2,000000;best;93,341613;average;89,117456
run:;28;inertia:;0,400000;phi_1:;1,000000;phi_2:;1,000000;best;109,631294;average;109,265740
run:;28;inertia:;0,400000;phi_1:;1,000000;phi_2:;2,000000;best;86,774141;average;86,774141
run:;28;inertia:;0,400000;phi_1:;2,000000;phi_2:;1,000000;best;109,582431;average;103,493779
run:;28;inertia:;0,400000;phi_1:;2,000000;phi_2:;2,000000;best;86,774141;average;86,774141
run:;28;inertia:;0,800000;phi_1:;1,000000;phi_2:;1,000000;best;121,059871;average;121,059871
run:;28;inertia:;0,800000;phi_1:;1,000000;phi_2:;2,000000;best;98,202718;average;88,488428
run:;28;inertia:;0,800000;phi_1:;2,000000;phi_2:;1,000000;best;121,059871;average;112,563344
run:;28;inertia:;0,800000;phi_1:;2,000000;phi_2:;2,000000;best;97,087813;average;87,816280
run:;28;inertia:;1,000000;phi_1:;1,000000;phi_2:;1,000000;best;119,638254;average;116,704305
run:;28;inertia:;1,000000;phi_1:;1,000000;phi_2:;2,000000;best;96,094600;average;87,689158
run:;28;inertia:;1,000000;phi_1:;2,000000;phi_2:;1,000000;best;104,946926;average;100,142452
run:;28;inertia:;1,000000;phi_1:;2,000000;phi_2:;2,000000;best;95,754027;average;87,528031
run:;29;inertia:;0,400000;phi_1:;1,000000;phi_2:;1,000000;best;109,631294;average;103,828493
run:;29;inertia:;0,400000;phi_1:;1,000000;phi_2:;2,000000;best;86,774141;average;86,774141
run:;29;inertia:;0,400000;phi_1:;2,000000;phi_2:;1,000000;best;109,579313;average;98,259602
run:;29;inertia:;0,400000;phi_1:;2,000000;phi_2:;2,000000;best;86,774141;average;86,774141
run:;29;inertia:;0,800000;phi_1:;1,000000;phi_2:;1,000000;best;121,059871;average;117,084772
run:;29;inertia:;0,800000;phi_1:;1,000000;phi_2:;2,000000;best;98,202718;average;87,916999
run:;29;inertia:;0,800000;phi_1:;2,000000;phi_2:;1,000000;best;121,059514;average;107,000839
run:;29;inertia:;0,800000;phi_1:;2,000000;phi_2:;2,000000;best;97,489977;average;87,698221
run:;29;inertia:;1,000000;phi_1:;1,000000;phi_2:;1,000000;best;107,007869;average;102,755233
run:;29;inertia:;1,000000;phi_1:;1,000000;phi_2:;2,000000;best;98,064938;average;87,240184
run:;29;inertia:;1,000000;phi_1:;2,000000;phi_2:;1,000000;best;107,007869;average;98,433273
run:;29;inertia:;1,000000;phi_1:;2,000000;phi_2:;2,000000;best;98,064938;average;87,369538
