run:;0;inertia:;0,200000;phi_1:;0,500000;phi_2:;0,500000;best;92,916185;average;73,059458
run:;0;inertia:;0,200000;phi_1:;0,500000;phi_2:;1,000000;best;121,059871;average;114,700436
run:;0;inertia:;0,200000;phi_1:;0,500000;phi_2:;1,500000;best;86,774141;average;86,774141
run:;0;inertia:;0,200000;phi_1:;0,500000;phi_2:;2,000000;best;109,608525;average;93,755722
run:;0;inertia:;0,200000;phi_1:;1,000000;phi_2:;0,500000;best;92,916973;average;71,694094
run:;0;inertia:;0,200000;phi_1:;1,000000;phi_2:;1,000000;best;121,059871;average;109,974772
run:;0;inertia:;0,200000;phi_1:;1,000000;phi_2:;1,500000;best;86,774141;average;86,774141
run:;0;inertia:;0,200000;phi_1:;1,000000;phi_2:;2,000000;best;108,877189;average;96,586619
run:;0;inertia:;0,200000;phi_1:;1,500000;phi_2:;0,500000;best;92,916908;average;73,480232
run:;0;inertia:;0,200000;phi_1:;1,500000;phi_2:;1,000000;best;120,619368;average;108,032168
run:;0;inertia:;0,200000;phi_1:;1,500000;phi_2:;1,500000;best;86,774141;average;86,774141
run:;0;inertia:;0,200000;phi_1:;1,500000;phi_2:;2,000000;best;108,808438;average;88,052154
run:;0;inertia:;0,200000;phi_1:;2,000000;phi_2:;0,500000;best;121,019084;average;100,011249
run:;0;inertia:;0,200000;phi_1:;2,000000;phi_2:;1,000000;best;118,230248;average;107,808303
run:;0;inertia:;0,200000;phi_1:;2,000000;phi_2:;1,500000;best;86,774141;average;86,774141
run:;0;inertia:;0,200000;phi_1:;2,000000;phi_2:;2,000000;best;108,808438;average;88,053887
run:;0;inertia:;0,400000;phi_1:;0,500000;phi_2:;0,500000;best;92,916973;average;80,166175
run:;0;inertia:;0,400000;phi_1:;0,500000;phi_2:;1,000000;best;121,059871;average;120,233734
run:;0;inertia:;0,400000;phi_1:;0,500000;phi_2:;1,500000;best;86,774141;average;86,774141
run:;0;inertia:;0,400000;phi_1:;0,500000;phi_2:;2,000000;best;98,202718;average;96,374145
run:;0;inertia:;0,400000;phi_1:;1,000000;phi_2:;0,500000;best;92,916973;average;75,483768
run:;0;inertia:;0,400000;phi_1:;1,000000;phi_2:;1,000000;best;121,059871;average;116,725631
run:;0;inertia:;0,400000;phi_1:;1,000000;phi_2:;1,500000;best;86,774141;average;86,774141
run:;0;inertia:;0,400000;phi_1:;1,000000;phi_2:;2,000000;best;98,192063;average;87,371429
run:;0;inertia:;0,400000;phi_1:;1,500000;phi_2:;0,500000;best;98,947572;average;73,323892
run:;0;inertia:;0,400000;phi_1:;1,500000;phi_2:;1,000000;best;121,059871;average;106,633416
run:;0;inertia:;0,400000;phi_1:;1,500000;phi_2:;1,500000;best;86,774141;average;86,774141
run:;0;inertia:;0,400000;phi_1:;1,500000;phi_2:;2,000000;best;98,192063;average;87,371393
run:;0;inertia:;0,400000;phi_1:;2,000000;phi_2:;0,500000;best;106,988110;average;78,644318
run:;0;inertia:;0,400000;phi_1:;2,000000;phi_2:;1,000000;best;120,245473;average;102,820686
run:;0;inertia:;0,400000;phi_1:;2,000000;phi_2:;1,500000;best;86,774141;average;86,774141
run:;0;inertia:;0,400000;phi_1:;2,000000;phi_2:;2,000000;best;98,192063;average;87,490737
run:;0;inertia:;0,600000;phi_1:;0,500000;phi_2:;0,500000;best;113,019021;average;101,157110
run:;0;inertia:;0,600000;phi_1:;0,500000;phi_2:;1,000000;best;121,059871;average;121,059871
run:;0;inertia:;0,600000;phi_1:;0,500000;phi_2:;1,500000;best;86,774141;average;86,774141
run:;0;inertia:;0,600000;phi_1:;0,500000;phi_2:;2,000000;best;98,202718;average;98,202718
run:;0;inertia:;0,600000;phi_1:;1,000000;phi_2:;0,500000;best;121,059871;average;91,116385
run:;0;inertia:;0,600000;phi_1:;1,000000;phi_2:;1,000000;best;121,059871;average;118,332284
run:;0;inertia:;0,600000;phi_1:;1,000000;phi_2:;1,500000;best;86,774141;average;86,774141
run:;0;inertia:;0,600000;phi_1:;1,000000;phi_2:;2,000000;best;98,202718;average;87,665170
run:;0;inertia:;0,600000;phi_1:;1,500000;phi_2:;0,500000;best;121,059871;average;91,615417
run:;0;inertia:;0,600000;phi_1:;1,500000;phi_2:;1,000000;best;121,059871;average;115,544205
run:;0;inertia:;0,600000;phi_1:;1,500000;phi_2:;1,500000;best;86,774141;average;86,774141
run:;0;inertia:;0,600000;phi_1:;1,500000;phi_2:;2,000000;best;98,200804;average;87,472793
run:;0;inertia:;0,600000;phi_1:;2,000000;phi_2:;0,500000;best;121,059871;average;95,471281
run:;0;inertia:;0,600000;phi_1:;2,000000;phi_2:;1,000000;best;121,059871;average;108,324536
run:;0;inertia:;0,600000;phi_1:;2,000000;phi_2:;1,500000;best;86,774141;average;86,774141
run:;0;inertia:;0,600000;phi_1:;2,000000;phi_2:;2,000000;best;98,200804;average;87,390462
run:;0;inertia:;0,800000;phi_1:;0,500000;phi_2:;0,500000;best;121,059871;average;118,533693
run:;0;inertia:;0,800000;phi_1:;0,500000;phi_2:;1,000000;best;121,059871;average;121,059871
run:;0;inertia:;0,800000;phi_1:;0,500000;phi_2:;1,500000;best;98,202718;average;98,202718
run:;0;inertia:;0,800000;phi_1:;0,500000;phi_2:;2,000000;best;98,202718;average;98,202718
run:;0;inertia:;0,800000;phi_1:;1,000000;phi_2:;0,500000;best;121,059871;average;106,381601
run:;0;inertia:;0,800000;phi_1:;1,000000;phi_2:;1,000000;best;121,059871;average;120,044413
run:;0;inertia:;0,800000;phi_1:;1,000000;phi_2:;1,500000;best;109,631294;average;109,631294
run:;0;inertia:;0,800000;phi_1:;1,000000;phi_2:;2,000000;best;98,202718;average;86,878397
run:;0;inertia:;0,800000;phi_1:;1,500000;phi_2:;0,500000;best;121,059871;average;96,950502
run:;0;inertia:;0,800000;phi_1:;1,500000;phi_2:;1,000000;best;121,059871;average;116,589680
run:;0;inertia:;0,800000;phi_1:;1,500000;phi_2:;1,500000;best;109,631294;average;95,067406
run:;0;inertia:;0,800000;phi_1:;1,500000;phi_2:;2,000000;best;101,340429;average;87,192564
run:;0;inertia:;0,800000;phi_1:;2,000000;phi_2:;0,500000;best;121,059871;average;95,193841
run:;0;inertia:;0,800000;phi_1:;2,000000;phi_2:;1,000000;best;121,059871;average;111,759170
run:;0;inertia:;0,800000;phi_1:;2,000000;phi_2:;1,500000;best;98,202718;average;87,613714
run:;0;inertia:;0,800000;phi_1:;2,000000;phi_2:;2,000000;best;107,307826;average;87,541536
run:;0;inertia:;1,000000;phi_1:;0,500000;phi_2:;0,500000;best;120,572037;average;116,924880
run:;0;inertia:;1,000000;phi_1:;0,500000;phi_2:;1,000000;best;109,631294;average;107,141615
run:;0;inertia:;1,000000;phi_1:;0,500000;phi_2:;1,500000;best;98,202718;average;88,801328
run:;0;inertia:;1,000000;phi_1:;0,500000;phi_2:;2,000000;best;98,202717;average;90,336442
run:;0;inertia:;1,000000;phi_1:;1,000000;phi_2:;0,500000;best;121,059871;average;113,475223
run:;0;inertia:;1,000000;phi_1:;1,000000;phi_2:;1,000000;best;109,519963;average;106,548871
run:;0;inertia:;1,000000;phi_1:;1,000000;phi_2:;1,500000;best;109,631294;average;104,460917
run:;0;inertia:;1,000000;phi_1:;1,000000;phi_2:;2,000000;best;94,598228;average;88,534675
run:;0;inertia:;1,000000;phi_1:;1,500000;phi_2:;0,500000;best;121,058429;average;95,260030
run:;0;inertia:;1,000000;phi_1:;1,500000;phi_2:;1,000000;best;121,059835;average;111,217005
run:;0;inertia:;1,000000;phi_1:;1,500000;phi_2:;1,500000;best;97,868943;average;87,937200
run:;0;inertia:;1,000000;phi_1:;1,500000;phi_2:;2,000000;best;98,158581;average;88,503247
run:;0;inertia:;1,000000;phi_1:;2,000000;phi_2:;0,500000;best;121,059871;average;99,286364
run:;0;inertia:;1,000000;phi_1:;2,000000;phi_2:;1,000000;best;109,304513;average;100,426155
run:;0;inertia:;1,000000;phi_1:;2,000000;phi_2:;1,500000;best;98,200092;average;87,756133
run:;0;inertia:;1,000000;phi_1:;2,000000;phi_2:;2,000000;best;94,598228;average;88,467643
run:;1;inertia:;0,200000;phi_1:;0,500000;phi_2:;0,500000;best;113,019021;average;91,353389
run:;1;inertia:;0,200000;phi_1:;0,500000;phi_2:;1,000000;best;113,019021;average;113,019021
run:;1;inertia:;0,200000;phi_1:;0,500000;phi_2:;1,500000;best;121,059871;average;120,438316
run:;1;inertia:;0,200000;phi_1:;0,500000;phi_2:;2,000000;best;112,210576;average;88,845579
run:;1;inertia:;0,200000;phi_1:;1,000000;phi_2:;0,500000;best;113,018826;average;82,474189
run:;1;inertia:;0,200000;phi_1:;1,000000;phi_2:;1,000000;best;113,019021;average;112,919547
run:;1;inertia:;0,200000;phi_1:;1,000000;phi_2:;1,500000;best;113,015476;average;108,092086
run:;1;inertia:;0,200000;phi_1:;1,000000;phi_2:;2,000000;best;109,498016;average;90,060076
run:;1;inertia:;0,200000;phi_1:;1,500000;phi_2:;0,500000;best;113,019003;average;80,849745
run:;1;inertia:;0,200000;phi_1:;1,500000;phi_2:;1,000000;best;114,503330;average;106,793117
run:;1;inertia:;0,200000;phi_1:;1,500000;phi_2:;1,500000;best;112,883690;average;92,499091
run:;1;inertia:;0,200000;phi_1:;1,500000;phi_2:;2,000000;best;112,109692;average;88,103854
run:;1;inertia:;0,200000;phi_1:;2,000000;phi_2:;0,500000;best;117,226852;average;102,904894
run:;1;inertia:;0,200000;phi_1:;2,000000;phi_2:;1,000000;best;112,226987;average;106,600586
run:;1;inertia:;0,200000;phi_1:;2,000000;phi_2:;1,500000;best;112,701521;average;93,366207
run:;1;inertia:;0,200000;phi_1:;2,000000;phi_2:;2,000000;best;112,046226;average;87,967336
run:;1;inertia:;0,400000;phi_1:;0,500000;phi_2:;0,500000;best;113,019021;average;97,084950
run:;1;inertia:;0,400000;phi_1:;0,500000;phi_2:;1,000000;best;113,019021;average;112,997403
run:;1;inertia:;0,400000;phi_1:;0,500000;phi_2:;1,500000;best;121,059871;average;120,533462
run:;1;inertia:;0,400000;phi_1:;0,500000;phi_2:;2,000000;best;113,019011;average;99,799572
run:;1;inertia:;0,400000;phi_1:;1,000000;phi_2:;0,500000;best;113,019021;average;89,232871
run:;1;inertia:;0,400000;phi_1:;1,000000;phi_2:;1,000000;best;113,019021;average;112,495134
run:;1;inertia:;0,400000;phi_1:;1,000000;phi_2:;1,500000;best;121,059871;average;119,198792
run:;1;inertia:;0,400000;phi_1:;1,000000;phi_2:;2,000000;best;111,583351;average;90,074093
run:;1;inertia:;0,400000;phi_1:;1,500000;phi_2:;0,500000;best;113,019021;average;88,145422
run:;1;inertia:;0,400000;phi_1:;1,500000;phi_2:;1,000000;best;121,059871;average;105,987002
run:;1;inertia:;0,400000;phi_1:;1,500000;phi_2:;1,500000;best;120,889190;average;100,196401
run:;1;inertia:;0,400000;phi_1:;1,500000;phi_2:;2,000000;best;111,583351;average;89,107368
run:;1;inertia:;0,400000;phi_1:;2,000000;phi_2:;0,500000;best;121,058090;average;87,993750
run:;1;inertia:;0,400000;phi_1:;2,000000;phi_2:;1,000000;best;120,405709;average;100,777239
run:;1;inertia:;0,400000;phi_1:;2,000000;phi_2:;1,500000;best;120,777020;average;99,663730
run:;1;inertia:;0,400000;phi_1:;2,000000;phi_2:;2,000000;best;111,583351;average;88,899565
run:;1;inertia:;0,600000;phi_1:;0,500000;phi_2:;0,500000;best;121,059871;average;110,719408
run:;1;inertia:;0,600000;phi_1:;0,500000;phi_2:;1,000000;best;121,059871;average;120,353128
run:;1;inertia:;0,600000;phi_1:;0,500000;phi_2:;1,500000;best;109,631294;average;109,370124
run:;1;inertia:;0,600000;phi_1:;0,500000;phi_2:;2,000000;best;121,059871;average;120,874637
run:;1;inertia:;0,600000;phi_1:;1,000000;phi_2:;0,500000;best;121,059871;average;98,514212
run:;1;inertia:;0,600000;phi_1:;1,000000;phi_2:;1,000000;best;121,059871;average;117,883472
run:;1;inertia:;0,600000;phi_1:;1,000000;phi_2:;1,500000;best;109,631294;average;109,263386
run:;1;inertia:;0,600000;phi_1:;1,000000;phi_2:;2,000000;best;120,186113;average;96,238463
run:;1;inertia:;0,600000;phi_1:;1,500000;phi_2:;0,500000;best;121,059871;average;93,822565
run:;1;inertia:;0,600000;phi_1:;1,500000;phi_2:;1,000000;best;121,059871;average;115,313005
run:;1;inertia:;0,600000;phi_1:;1,500000;phi_2:;1,500000;best;109,631294;average;107,605398
run:;1;inertia:;0,600000;phi_1:;1,500000;phi_2:;2,000000;best;109,551068;average;89,395751
run:;1;inertia:;0,600000;phi_1:;2,000000;phi_2:;0,500000;best;121,059871;average;91,299515
run:;1;inertia:;0,600000;phi_1:;2,000000;phi_2:;1,000000;best;121,059871;average;109,591184
run:;1;inertia:;0,600000;phi_1:;2,000000;phi_2:;1,500000;best;109,314846;average;103,208413
run:;1;inertia:;0,600000;phi_1:;2,000000;phi_2:;2,000000;best;109,551068;average;89,153809
run:;1;inertia:;0,800000;phi_1:;0,500000;phi_2:;0,500000;best;121,059871;average;118,339506
run:;1;inertia:;0,800000;phi_1:;0,500000;phi_2:;1,000000;best;121,059871;average;121,059871
run:;1;inertia:;0,800000;phi_1:;0,500000;phi_2:;1,500000;best;109,631294;average;109,560346
run:;1;inertia:;0,800000;phi_1:;0,500000;phi_2:;2,000000;best;121,059871;average;120,959686
run:;1;inertia:;0,800000;phi_1:;1,000000;phi_2:;0,500000;best;121,059871;average;105,067203
run:;1;inertia:;0,800000;phi_1:;1,000000;phi_2:;1,000000;best;121,059871;average;118,897167
run:;1;inertia:;0,800000;phi_1:;1,000000;phi_2:;1,500000;best;121,059871;average;120,829307
run:;1;inertia:;0,800000;phi_1:;1,000000;phi_2:;2,000000;best;113,018820;average;99,062265
run:;1;inertia:;0,800000;phi_1:;1,500000;phi_2:;0,500000;best;121,059871;average;99,977912
run:;1;inertia:;0,800000;phi_1:;1,500000;phi_2:;1,000000;best;121,059871;average;115,508782
run:;1;inertia:;0,800000;phi_1:;1,500000;phi_2:;1,500000;best;109,631294;average;92,995759
run:;1;inertia:;0,800000;phi_1:;1,500000;phi_2:;2,000000;best;109,108824;average;94,101393
run:;1;inertia:;0,800000;phi_1:;2,000000;phi_2:;0,500000;best;121,059871;average;92,879587
run:;1;inertia:;0,800000;phi_1:;2,000000;phi_2:;1,000000;best;121,059871;average;114,295851
run:;1;inertia:;0,800000;phi_1:;2,000000;phi_2:;1,500000;best;109,290812;average;89,116710
run:;1;inertia:;0,800000;phi_1:;2,000000;phi_2:;2,000000;best;111,633507;average;89,873523
run:;1;inertia:;1,000000;phi_1:;0,500000;phi_2:;0,500000;best;120,557067;average;119,907796
run:;1;inertia:;1,000000;phi_1:;0,500000;phi_2:;1,000000;best;121,059716;average;116,960930
run:;1;inertia:;1,000000;phi_1:;0,500000;phi_2:;1,500000;best;109,631141;average;102,933609
run:;1;inertia:;1,000000;phi_1:;0,500000;phi_2:;2,000000;best;120,911466;average;110,618872
run:;1;inertia:;1,000000;phi_1:;1,000000;phi_2:;0,500000;best;121,059871;average;115,854347
run:;1;inertia:;1,000000;phi_1:;1,000000;phi_2:;1,000000;best;116,138273;average;111,896010
run:;1;inertia:;1,000000;phi_1:;1,000000;phi_2:;1,500000;best;121,055263;average;115,347136
run:;1;inertia:;1,000000;phi_1:;1,000000;phi_2:;2,000000;best;108,805312;average;97,146323
run:;1;inertia:;1,000000;phi_1:;1,500000;phi_2:;0,500000;best;121,059343;average;98,605221
run:;1;inertia:;1,000000;phi_1:;1,500000;phi_2:;1,000000;best;121,059870;average;115,573434
run:;1;inertia:;1,000000;phi_1:;1,500000;phi_2:;1,500000;best;108,342621;average;89,090543
run:;1;inertia:;1,000000;phi_1:;1,500000;phi_2:;2,000000;best;108,805312;average;93,756931
run:;1;inertia:;1,000000;phi_1:;2,000000;phi_2:;0,500000;best;121,059870;average;102,835989
run:;1;inertia:;1,000000;phi_1:;2,000000;phi_2:;1,000000;best;113,200227;average;99,396283
run:;1;inertia:;1,000000;phi_1:;2,000000;phi_2:;1,500000;best;108,643026;average;90,120642
run:;1;inertia:;1,000000;phi_1:;2,000000;phi_2:;2,000000;best;108,805312;average;89,934878
run:;2;inertia:;0,200000;phi_1:;0,500000;phi_2:;0,500000;best;104,978172;average;87,111202
run:;2;inertia:;0,200000;phi_1:;0,500000;phi_2:;1,000000;best;113,019021;average;112,949051
run:;2;inertia:;0,200000;phi_1:;0,500000;phi_2:;1,500000;best;109,631294;average;109,631294
run:;2;inertia:;0,200000;phi_1:;0,500000;phi_2:;2,000000;best;104,755530;average;91,377222
run:;2;inertia:;0,200000;phi_1:;1,000000;phi_2:;0,500000;best;104,978172;average;86,279713
run:;2;inertia:;0,200000;phi_1:;1,000000;phi_2:;1,000000;best;121,059871;average;111,265620
run:;2;inertia:;0,200000;phi_1:;1,000000;phi_2:;1,500000;best;109,631294;average;100,341793
run:;2;inertia:;0,200000;phi_1:;1,000000;phi_2:;2,000000;best;101,942638;average;88,432734
run:;2;inertia:;0,200000;phi_1:;1,500000;phi_2:;0,500000;best;121,051527;average;80,376039
run:;2;inertia:;0,200000;phi_1:;1,500000;phi_2:;1,000000;best;112,870890;average;107,726359
run:;2;inertia:;0,200000;phi_1:;1,500000;phi_2:;1,500000;best;109,631285;average;100,227351
run:;2;inertia:;0,200000;phi_1:;1,500000;phi_2:;2,000000;best;98,202317;average;87,742591
run:;2;inertia:;0,200000;phi_1:;2,000000;phi_2:;0,500000;best;121,059109;average;103,623041
run:;2;inertia:;0,200000;phi_1:;2,000000;phi_2:;1,000000;best;112,853820;average;107,454451
run:;2;inertia:;0,200000;phi_1:;2,000000;phi_2:;1,500000;best;109,631293;average;100,127628
run:;2;inertia:;0,200000;phi_1:;2,000000;phi_2:;2,000000;best;98,202317;average;87,799218
run:;2;inertia:;0,400000;phi_1:;0,500000;phi_2:;0,500000;best;121,059871;average;108,269368
run:;2;inertia:;0,400000;phi_1:;0,500000;phi_2:;1,000000;best;113,019021;average;113,019021
run:;2;inertia:;0,400000;phi_1:;0,500000;phi_2:;1,500000;best;109,631294;average;109,631294
run:;2;inertia:;0,400000;phi_1:;0,500000;phi_2:;2,000000;best;98,202718;average;88,486517
run:;2;inertia:;0,400000;phi_1:;1,000000;phi_2:;0,500000;best;121,059871;average;98,766875
run:;2;inertia:;0,400000;phi_1:;1,000000;phi_2:;1,000000;best;113,019021;average;112,557736
run:;2;inertia:;0,400000;phi_1:;1,000000;phi_2:;1,500000;best;109,631294;average;97,231589
run:;2;inertia:;0,400000;phi_1:;1,000000;phi_2:;2,000000;best;98,201190;average;88,173303
run:;2;inertia:;0,400000;phi_1:;1,500000;phi_2:;0,500000;best;113,019021;average;88,949427
run:;2;inertia:;0,400000;phi_1:;1,500000;phi_2:;1,000000;best;121,059871;average;107,068745
run:;2;inertia:;0,400000;phi_1:;1,500000;phi_2:;1,500000;best;109,630564;average;93,858152
run:;2;inertia:;0,400000;phi_1:;1,500000;phi_2:;2,000000;best;98,200589;average;88,182767
run:;2;inertia:;0,400000;phi_1:;2,000000;phi_2:;0,500000;best;121,059871;average;93,926326
run:;2;inertia:;0,400000;phi_1:;2,000000;phi_2:;1,000000;best;120,130001;average;101,806558
run:;2;inertia:;0,400000;phi_1:;2,000000;phi_2:;1,500000;best;109,588134;average;93,618493
run:;2;inertia:;0,400000;phi_1:;2,000000;phi_2:;2,000000;best;98,200162;average;88,173293
run:;2;inertia:;0,600000;phi_1:;0,500000;phi_2:;0,500000;best;121,059871;average;113,162500
run:;2;inertia:;0,600000;phi_1:;0,500000;phi_2:;1,000000;best;121,059871;average;120,712784
run:;2;inertia:;0,600000;phi_1:;0,500000;phi_2:;1,500000;best;120,959326;average;120,959326
run:;2;inertia:;0,600000;phi_1:;0,500000;phi_2:;2,000000;best;121,059871;average;120,710547
run:;2;inertia:;0,600000;phi_1:;1,000000;phi_2:;0,500000;best;121,059871;average;103,997312
run:;2;inertia:;0,600000;phi_1:;1,000000;phi_2:;1,000000;best;121,059871;average;118,231264
run:;2;inertia:;0,600000;phi_1:;1,000000;phi_2:;1,500000;best;98,202718;average;98,200807
run:;2;inertia:;0,600000;phi_1:;1,000000;phi_2:;2,000000;best;98,202718;average;87,781883
run:;2;inertia:;0,600000;phi_1:;1,500000;phi_2:;0,500000;best;121,059871;average;95,773138
run:;2;inertia:;0,600000;phi_1:;1,500000;phi_2:;1,000000;best;121,059871;average;114,002339
run:;2;inertia:;0,600000;phi_1:;1,500000;phi_2:;1,500000;best;98,202718;average;88,995488
run:;2;inertia:;0,600000;phi_1:;1,500000;phi_2:;2,000000;best;104,382164;average;89,345287
run:;2;inertia:;0,600000;phi_1:;2,000000;phi_2:;0,500000;best;121,059871;average;93,309254
run:;2;inertia:;0,600000;phi_1:;2,000000;phi_2:;1,000000;best;121,059871;average;107,726358
run:;2;inertia:;0,600000;phi_1:;2,000000;phi_2:;1,500000;best;98,202622;average;88,887292
run:;2;inertia:;0,600000;phi_1:;2,000000;phi_2:;2,000000;best;102,111865;average;88,294126
run:;2;inertia:;0,800000;phi_1:;0,500000;phi_2:;0,500000;best;121,059871;average;118,763173
run:;2;inertia:;0,800000;phi_1:;0,500000;phi_2:;1,000000;best;121,059871;average;121,059871
run:;2;inertia:;0,800000;phi_1:;0,500000;phi_2:;1,500000;best;109,631294;average;109,631294
run:;2;inertia:;0,800000;phi_1:;0,500000;phi_2:;2,000000;best;109,631294;average;109,585383
run:;2;inertia:;0,800000;phi_1:;1,000000;phi_2:;0,500000;best;121,059871;average;106,961884
run:;2;inertia:;0,800000;phi_1:;1,000000;phi_2:;1,000000;best;121,059871;average;120,712784
run:;2;inertia:;0,800000;phi_1:;1,000000;phi_2:;1,500000;best;109,631294;average;104,755154
run:;2;inertia:;0,800000;phi_1:;1,000000;phi_2:;2,000000;best;101,942638;average;88,336855
run:;2;inertia:;0,800000;phi_1:;1,500000;phi_2:;0,500000;best;121,059871;average;96,463477
run:;2;inertia:;0,800000;phi_1:;1,500000;phi_2:;1,000000;best;121,059871;average;117,115293
run:;2;inertia:;0,800000;phi_1:;1,500000;phi_2:;1,500000;best;109,631294;average;91,688595
run:;2;inertia:;0,800000;phi_1:;1,500000;phi_2:;2,000000;best;98,202718;average;88,705138
run:;2;inertia:;0,800000;phi_1:;2,000000;phi_2:;0,500000;best;121,059871;average;94,129992
run:;2;inertia:;0,800000;phi_1:;2,000000;phi_2:;1,000000;best;121,059871;average;110,487099
run:;2;inertia:;0,800000;phi_1:;2,000000;phi_2:;1,500000;best;109,256669;average;88,993433
run:;2;inertia:;0,800000;phi_1:;2,000000;phi_2:;2,000000;best;98,053465;average;88,449186
run:;2;inertia:;1,000000;phi_1:;0,500000;phi_2:;0,500000;best;121,000084;average;118,918560
run:;2;inertia:;1,000000;phi_1:;0,500000;phi_2:;1,000000;best;121,059862;average;117,347305
run:;2;inertia:;1,000000;phi_1:;0,500000;phi_2:;1,500000;best;107,004573;average;98,158978
run:;2;inertia:;1,000000;phi_1:;0,500000;phi_2:;2,000000;best;120,905958;average;107,722694
run:;2;inertia:;1,000000;phi_1:;1,000000;phi_2:;0,500000;best;121,059871;average;115,646855
run:;2;inertia:;1,000000;phi_1:;1,000000;phi_2:;1,000000;best;118,387035;average;113,427036
run:;2;inertia:;1,000000;phi_1:;1,000000;phi_2:;1,500000;best;121,059866;average;118,640565
run:;2;inertia:;1,000000;phi_1:;1,000000;phi_2:;2,000000;best;98,190620;average;88,364739
run:;2;inertia:;1,000000;phi_1:;1,500000;phi_2:;0,500000;best;121,057500;average;99,936806
run:;2;inertia:;1,000000;phi_1:;1,500000;phi_2:;1,000000;best;121,059871;average;115,526265
run:;2;inertia:;1,000000;phi_1:;1,500000;phi_2:;1,500000;best;107,004573;average;90,877127
run:;2;inertia:;1,000000;phi_1:;1,500000;phi_2:;2,000000;best;106,362683;average;89,072375
run:;2;inertia:;1,000000;phi_1:;2,000000;phi_2:;0,500000;best;121,059870;average;103,150622
run:;2;inertia:;1,000000;phi_1:;2,000000;phi_2:;1,000000;best;118,367051;average;102,449638
run:;2;inertia:;1,000000;phi_1:;2,000000;phi_2:;1,500000;best;107,004573;average;90,778842
run:;2;inertia:;1,000000;phi_1:;2,000000;phi_2:;2,000000;best;98,173877;average;87,735475
run:;3;inertia:;0,200000;phi_1:;0,500000;phi_2:;0,500000;best;106,951927;average;84,446720
run:;3;inertia:;0,200000;phi_1:;0,500000;phi_2:;1,000000;best;121,059871;average;113,170459
run:;3;inertia:;0,200000;phi_1:;0,500000;phi_2:;1,500000;best;98,202718;average;98,111836
run:;3;inertia:;0,200000;phi_1:;0,500000;phi_2:;2,000000;best;98,202673;average;87,467199
run:;3;inertia:;0,200000;phi_1:;1,000000;phi_2:;0,500000;best;106,987199;average;80,735481
run:;3;inertia:;0,200000;phi_1:;1,000000;phi_2:;1,000000;best;121,059871;average;110,167845
run:;3;inertia:;0,200000;phi_1:;1,000000;phi_2:;1,500000;best;98,202708;average;90,557438
run:;3;inertia:;0,200000;phi_1:;1,000000;phi_2:;2,000000;best;98,202673;average;87,382133
run:;3;inertia:;0,200000;phi_1:;1,500000;phi_2:;0,500000;best;106,979029;average;82,689221
run:;3;inertia:;0,200000;phi_1:;1,500000;phi_2:;1,000000;best;118,945064;average;107,959126
run:;3;inertia:;0,200000;phi_1:;1,500000;phi_2:;1,500000;best;98,202630;average;90,706796
run:;3;inertia:;0,200000;phi_1:;1,500000;phi_2:;2,000000;best;98,202673;average;87,177224
run:;3;inertia:;0,200000;phi_1:;2,000000;phi_2:;0,500000;best;120,478182;average;101,943350
run:;3;inertia:;0,200000;phi_1:;2,000000;phi_2:;1,000000;best;118,539008;average;107,887549
run:;3;inertia:;0,200000;phi_1:;2,000000;phi_2:;1,500000;best;98,202633;average;90,705186
run:;3;inertia:;0,200000;phi_1:;2,000000;phi_2:;2,000000;best;98,202673;average;87,243740
run:;3;inertia:;0,400000;phi_1:;0,500000;phi_2:;0,500000;best;121,059871;average;107,774221
run:;3;inertia:;0,400000;phi_1:;0,500000;phi_2:;1,000000;best;113,019021;average;112,786234
run:;3;inertia:;0,400000;phi_1:;0,500000;phi_2:;1,500000;best;121,057298;average;121,057298
run:;3;inertia:;0,400000;phi_1:;0,500000;phi_2:;2,000000;best;98,202718;average;87,550867
run:;3;inertia:;0,400000;phi_1:;1,000000;phi_2:;0,500000;best;121,059871;average;98,393140
run:;3;inertia:;0,400000;phi_1:;1,000000;phi_2:;1,000000;best;113,019021;average;112,484363
run:;3;inertia:;0,400000;phi_1:;1,000000;phi_2:;1,500000;best;98,202718;average;88,920669
run:;3;inertia:;0,400000;phi_1:;1,000000;phi_2:;2,000000;best;98,954111;average;87,572347
run:;3;inertia:;0,400000;phi_1:;1,500000;phi_2:;0,500000;best;121,059871;average;96,070637
run:;3;inertia:;0,400000;phi_1:;1,500000;phi_2:;1,000000;best;121,059871;average;108,143871
run:;3;inertia:;0,400000;phi_1:;1,500000;phi_2:;1,500000;best;98,202706;average;88,740990
run:;3;inertia:;0,400000;phi_1:;1,500000;phi_2:;2,000000;best;98,202153;average;87,441647
run:;3;inertia:;0,400000;phi_1:;2,000000;phi_2:;0,500000;best;121,059871;average;93,368780
run:;3;inertia:;0,400000;phi_1:;2,000000;phi_2:;1,000000;best;119,918860;average;102,190572
run:;3;inertia:;0,400000;phi_1:;2,000000;phi_2:;1,500000;best;98,202706;average;88,789023
run:;3;inertia:;0,400000;phi_1:;2,000000;phi_2:;2,000000;best;98,202153;average;87,440510
run:;3;inertia:;0,600000;phi_1:;0,500000;phi_2:;0,500000;best;121,059871;average;113,951507
run:;3;inertia:;0,600000;phi_1:;0,500000;phi_2:;1,000000;best;121,059871;average;120,746675
run:;3;inertia:;0,600000;phi_1:;0,500000;phi_2:;1,500000;best;121,029450;average;120,716558
run:;3;inertia:;0,600000;phi_1:;0,500000;phi_2:;2,000000;best;121,059871;average;121,059871
run:;3;inertia:;0,600000;phi_1:;1,000000;phi_2:;0,500000;best;121,059871;average;103,432943
run:;3;inertia:;0,600000;phi_1:;1,000000;phi_2:;1,000000;best;121,059871;average;118,484985
run:;3;inertia:;0,600000;phi_1:;1,000000;phi_2:;1,500000;best;106,988422;average;98,678379
run:;3;inertia:;0,600000;phi_1:;1,000000;phi_2:;2,000000;best;98,958746;average;87,824169
run:;3;inertia:;0,600000;phi_1:;1,500000;phi_2:;0,500000;best;121,059871;average;97,787359
run:;3;inertia:;0,600000;phi_1:;1,500000;phi_2:;1,000000;best;121,059871;average;117,626759
run:;3;inertia:;0,600000;phi_1:;1,500000;phi_2:;1,500000;best;109,631294;average;104,610912
run:;3;inertia:;0,600000;phi_1:;1,500000;phi_2:;2,000000;best;98,202416;average;87,643873
run:;3;inertia:;0,600000;phi_1:;2,000000;phi_2:;0,500000;best;121,059871;average;86,482589
run:;3;inertia:;0,600000;phi_1:;2,000000;phi_2:;1,000000;best;121,059871;average;107,750665
run:;3;inertia:;0,600000;phi_1:;2,000000;phi_2:;1,500000;best;109,187816;average;89,961471
run:;3;inertia:;0,600000;phi_1:;2,000000;phi_2:;2,000000;best;98,202416;average;87,685215
run:;3;inertia:;0,800000;phi_1:;0,500000;phi_2:;0,500000;best;121,059871;average;118,977386
run:;3;inertia:;0,800000;phi_1:;0,500000;phi_2:;1,000000;best;121,059871;average;121,059871
run:;3;inertia:;0,800000;phi_1:;0,500000;phi_2:;1,500000;best;109,631294;average;109,631294
run:;3;inertia:;0,800000;phi_1:;0,500000;phi_2:;2,000000;best;98,202718;average;98,071552
run:;3;inertia:;0,800000;phi_1:;1,000000;phi_2:;0,500000;best;121,059871;average;109,038096
run:;3;inertia:;0,800000;phi_1:;1,000000;phi_2:;1,000000;best;121,059871;average;119,805119
run:;3;inertia:;0,800000;phi_1:;1,000000;phi_2:;1,500000;best;109,631294;average;109,221273
run:;3;inertia:;0,800000;phi_1:;1,000000;phi_2:;2,000000;best;98,202718;average;87,638530
run:;3;inertia:;0,800000;phi_1:;1,500000;phi_2:;0,500000;best;121,059871;average;96,345363
run:;3;inertia:;0,800000;phi_1:;1,500000;phi_2:;1,000000;best;121,059871;average;117,301646
run:;3;inertia:;0,800000;phi_1:;1,500000;phi_2:;1,500000;best;98,202718;average;97,902915
run:;3;inertia:;0,800000;phi_1:;1,500000;phi_2:;2,000000;best;98,202718;average;87,889020
run:;3;inertia:;0,800000;phi_1:;2,000000;phi_2:;0,500000;best;121,059871;average;99,757155
run:;3;inertia:;0,800000;phi_1:;2,000000;phi_2:;1,000000;best;121,059871;average;110,868348
run:;3;inertia:;0,800000;phi_1:;2,000000;phi_2:;1,500000;best;98,202718;average;91,792782
run:;3;inertia:;0,800000;phi_1:;2,000000;phi_2:;2,000000;best;97,978865;average;87,835889
run:;3;inertia:;1,000000;phi_1:;0,500000;phi_2:;0,500000;best;120,280026;average;117,438408
run:;3;inertia:;1,000000;phi_1:;0,500000;phi_2:;1,000000;best;120,884348;average;117,461173
run:;3;inertia:;1,000000;phi_1:;0,500000;phi_2:;1,500000;best;98,202717;average;88,658764
run:;3;inertia:;1,000000;phi_1:;0,500000;phi_2:;2,000000;best;109,537045;average;102,069284
run:;3;inertia:;1,000000;phi_1:;1,000000;phi_2:;0,500000;best;121,059871;average;115,223760
run:;3;inertia:;1,000000;phi_1:;1,000000;phi_2:;1,000000;best;118,938681;average;112,808609
run:;3;inertia:;1,000000;phi_1:;1,000000;phi_2:;1,500000;best;109,631294;average;108,058453
run:;3;inertia:;1,000000;phi_1:;1,000000;phi_2:;2,000000;best;97,976559;average;87,418149
run:;3;inertia:;1,000000;phi_1:;1,500000;phi_2:;0,500000;best;120,735808;average;99,074535
run:;3;inertia:;1,000000;phi_1:;1,500000;phi_2:;1,000000;best;121,059870;average;113,060186
run:;3;inertia:;1,000000;phi_